DeepPavlov - DeepPavlov/bert-base-bg-cs-pl-ru-cased
DeepPavlov - DeepPavlov/bert-base-cased-conversational
DeepPavlov - DeepPavlov/bert-base-multilingual-cased-sentence
DeepPavlov - DeepPavlov/rubert-base-cased-conversational
DeepPavlov - DeepPavlov/rubert-base-cased-sentence
DeepPavlov - DeepPavlov/rubert-base-cased
KB - KB/albert-base-v2-ner
KB - KB/albert-large-v2-ner
KB - KB/albert-xlarge-v2-ner
KB - KB/bert-base-swedish-cased-ner
KB - KB/bert-base-swedish-cased-neriob
KB - KB/bert-base-swedish-cased
Musixmatch - Musixmatch/umberto-wikipedia-uncased-v1
Musixmatch - Musixmatch/umberto-commoncrawl-cased-v1
absa - absa/bert-lapt-0.1
absa - absa/bert-rest-0.1
absa - absa/bert-rest-lapt-0.1
absa - absa/classifier-rest-0.1
asafaya - asafaya/bert-base-arabic
aubmindlab - aubmindlab/bert-base-arabert
aubmindlab - aubmindlab/bert-base-arabertv01
beomi - beomi/EduBERT-small-500-v1
beomi - beomi/EduBERT-small-v2
binwang - binwang/bert-base-uncased
binwang - binwang/roberta-base
No Author - camembert-base
canwenxu - canwenxu/BERT-of-Theseus-MNLI
clue - clue/xlnet_chinese_large
dbmdz - dbmdz/distilbert-base-turkish-cased
dccuchile - dccuchile/bert-base-spanish-wwm-cased
dccuchile - dccuchile/bert-base-spanish-wwm-uncased
deepset - deepset/bert-base-cased-squad2
deepset - deepset/bert-large-uncased-whole-word-masking-squad2
deepset - deepset/quora_dedup_bert_base
deepset - deepset/roberta-base-squad2
No Author - distilbert-base-cased
No Author - distilbert-base-cased-distilled-squad
dkleczek - dkleczek/bert-base-polish-uncased-v1
dslim - dslim/bert-base-NER
fmikaelian - fmikaelian/camembert-base-fquad
fmikaelian - fmikaelian/camembert-base-squad
fmikaelian - fmikaelian/flaubert-base-uncased-squad
gsarti - gsarti/scibert-nli
henryk - henryk/bert-base-multilingual-cased-finetuned-dutch-squad2
idb-ita - idb-ita/gilberto-uncased-from-camembert
irvingpop - irvingpop/dreambank
ixa-ehu - ixa-ehu/berteus-base-cased
jplu - jplu/tf-camembert-base
julien-c - julien-c/EsperBERTo-small-pos
julien-c - julien-c/dummy-unknown
ktrapeznikov - ktrapeznikov/albert-xlarge-v2-squad-v2
lvwerra - lvwerra/gpt2-medium-taboo
marrrcin - marrrcin/PolBERTa-base-polish-cased-v1
microsoft - microsoft/DialoGPT-large
microsoft - microsoft/DialoGPT-medium
microsoft - microsoft/DialoGPT-small
monologg - monologg/distilkobert
monologg - monologg/kobert-lm
monologg - monologg/kobert
mrm8488 - mrm8488/CodeBERTaPy
mrm8488 - mrm8488/bert-base-spanish-wwm-cased-finetuned-spa-squad2-es
mrm8488 - mrm8488/bert-mini-finetuned-squadv2
mrm8488 - mrm8488/bert-multi-cased-finedtuned-xquad-tydiqa-goldp
mrm8488 - mrm8488/bert-multi-cased-finetuned-xquadv1
mrm8488 - mrm8488/bert-multi-uncased-finetuned-xquadv1
mrm8488 - mrm8488/bert-small-finetuned-squadv2
mrm8488 - mrm8488/bert-spanish-cased-finedtuned-ner
mrm8488 - mrm8488/bert-spanish-cased-finetuned-ner
mrm8488 - mrm8488/bert-spanish-cased-finetuned-pos-16-tags
mrm8488 - mrm8488/bert-spanish-cased-finetuned-pos
mrm8488 - mrm8488/bert-tiny-2-finetuned-squadv2
mrm8488 - mrm8488/bert-tiny-3-finetuned-squadv2
mrm8488 - mrm8488/bert-tiny-finetuned-squadv2
mrm8488 - mrm8488/chEMBL_smiles_v1
mrm8488 - mrm8488/codeBERTaJS
mrm8488 - mrm8488/distill-bert-base-spanish-wwm-cased-finetuned-spa-squad2-es
mrm8488 - mrm8488/spanbert-finetuned-squadv1
mrm8488 - mrm8488/spanbert-finetuned-squadv2
mrm8488 - mrm8488/xlm-multi-finetuned-xquadv1
nlpaueb - nlpaueb/bert-base-greek-uncased-v1
oya163 - oya163/NepBERT
pertschuk - pertschuk/albert-large-intent-v2
pertschuk - pertschuk/albert-large-intent-v3
pertschuk - pertschuk/bert-large-uncased-msmarco
ponteineptique - ponteineptique/latin-classical-small
severinsimmler - severinsimmler/german-press-bert
severinsimmler - severinsimmler/literary-german-bert
twmkn9 - twmkn9/albert-base-v2-squad2
twmkn9 - twmkn9/bert-base-uncased-squad2
wietsedv - wietsedv/bert-base-dutch-cased
